{
  "/session/:sessionId/file": {
    "POST": {
      "command": "file",
      "description": "Upload a file to remote machine on which the browser is running.",
      "ref": "https://www.seleniumhq.org/",
      "parameters": [{
        "name": "file",
        "type": "string",
        "description": "Base64-encoded zip archive containing __single__ file which to upload. In case base64-encoded data does not represent a zip archive or archive contains more than one file it will throw an unknown error.",
        "required": true
      }],
      "returns": {
        "type": "String",
        "name": "path",
        "description": "Absolute path of uploaded file on remote machine."
      }
    }
  },
  "/grid/api/hub/": {
    "GET": {
      "isHubCommand": true,
      "command": "getHubConfig",
      "description": "Receive hub config remotely.",
      "ref": "https://github.com/nicegraham/selenium-grid2-api#gridapihub",
      "parameters": [],
      "returns": {
        "type": "Object",
        "name": "config",
        "description": "Returns the hub config with slotCount, timeouts and other information."
      }
    }
  },
  "/grid/api/testsession?session=:session": {
    "GET": {
      "isHubCommand": true,
      "command": "gridTestSession",
      "description": "Get the details of the Selenium Grid node running a session.",
      "ref": "https://github.com/nicegraham/selenium-grid2-api#gridapitestsession",
      "parameters": [],
      "variables": [{
        "name": "session",
        "description": "The id of the session to receive hub details for."
      }],
      "returns": {
        "type": "Object",
        "name": "details",
        "description": "Object containing information about session details."
      }
    }
  },
  "/grid/api/proxy": {
    "GET": {
      "isHubCommand": true,
      "command": "gridProxyDetails",
      "description": "Get proxy details.",
      "ref": "https://github.com/nicegraham/selenium-grid2-api#gridapiproxy",
      "parameters": [{
        "name": "id",
        "type": "string",
        "description": "the id of the proxy (can be received using gridTestSession command).",
        "required": true
      }],
      "returns": {
        "type": "Object",
        "name": "details",
        "description": "Object containing information about proxy."
      }
    }
  },
  "/lifecycle-manager?action=:action": {
    "GET": {
      "isHubCommand": true,
      "command": "manageSeleniumHubLifecycle",
      "description": "Manage lifecycle of hub node.",
      "ref": "https://github.com/nicegraham/selenium-grid2-api#lifecycle-manager",
      "parameters": [],
      "variables": [{
        "name": "action",
        "description": "Command to call on Selenium Hub. The only implemented action is to 'shutdown' the hub."
      }]
    }
  }
}
